{"cameraMode":{"drawMode":0,"name":"Shaded","section":"Shading Mode"},"sceneLighting":true,"audioPlay":false,"sceneViewState":{"showFog":true,"showMaterialUpdate":false,"showSkybox":true,"showFlares":true,"showImageEffects":true,"showParticleSystems":true,"showVisualEffectGraphs":true,"m_FxEnabled":true},"in2DMode":false,"pivot":{"x":-3.407475471496582,"y":0.7504596710205078,"z":0.6107501983642578},"rotation":{"x":0.06979133933782578,"y":0.037400610744953158,"z":-0.002616826444864273,"w":0.9968541860580444},"size":13.613393783569336,"orthographic":false}