{"cameraMode":{"drawMode":0,"name":"Shaded","section":"Shading Mode"},"sceneLighting":true,"audioPlay":false,"sceneViewState":{"showFog":true,"showMaterialUpdate":false,"showSkybox":true,"showFlares":true,"showImageEffects":true,"showParticleSystems":true,"showVisualEffectGraphs":true,"m_FxEnabled":true},"in2DMode":false,"pivot":{"x":-3.647472381591797,"y":-6.896533012390137,"z":-0.010732650756835938},"rotation":{"x":-0.0006020987057127059,"y":0.006000219378620386,"z":0.0000036167427879263416,"w":0.9999796152114868},"size":6.324746131896973,"orthographic":false}