{"cameraMode":{"drawMode":0,"name":"Shaded","section":"Shading Mode"},"sceneLighting":true,"audioPlay":false,"sceneViewState":{"showFog":true,"showMaterialUpdate":false,"showSkybox":true,"showFlares":true,"showImageEffects":true,"showParticleSystems":true,"showVisualEffectGraphs":true,"m_FxEnabled":true},"in2DMode":false,"pivot":{"x":-1.9400259256362916,"y":-6.327698707580566,"z":-0.7473464012145996},"rotation":{"x":0.06979133933782578,"y":0.037400610744953158,"z":-0.002616826444864273,"w":0.9968541860580444},"size":5.4439215660095219,"orthographic":false}