{"cameraMode":{"drawMode":0,"name":"Shaded","section":"Shading Mode"},"sceneLighting":true,"audioPlay":false,"sceneViewState":{"showFog":true,"showMaterialUpdate":false,"showSkybox":true,"showFlares":true,"showImageEffects":true,"showParticleSystems":true,"showVisualEffectGraphs":true,"m_FxEnabled":true},"in2DMode":false,"pivot":{"x":1179.983642578125,"y":2052.796630859375,"z":48.8160400390625},"rotation":{"x":0.06979133933782578,"y":0.037400610744953158,"z":-0.002616826444864273,"w":0.9968541860580444},"size":1160.4241943359375,"orthographic":false}