{"cameraMode":{"drawMode":0,"name":"Shaded","section":"Shading Mode"},"sceneLighting":true,"audioPlay":false,"sceneViewState":{"showFog":true,"showMaterialUpdate":false,"showSkybox":true,"showFlares":true,"showImageEffects":true,"showParticleSystems":true,"showVisualEffectGraphs":true,"m_FxEnabled":true},"in2DMode":false,"pivot":{"x":296.04266357421877,"y":899.4216918945313,"z":-65.11219787597656},"rotation":{"x":-0.035072486847639087,"y":-0.03596920147538185,"z":-0.0012617931934073568,"w":0.9987357258796692},"size":123.60841369628906,"orthographic":false}