{"cameraMode":{"drawMode":0,"name":"Shaded","section":"Shading Mode"},"sceneLighting":true,"audioPlay":false,"sceneViewState":{"showFog":true,"showMaterialUpdate":false,"showSkybox":true,"showFlares":true,"showImageEffects":true,"showParticleSystems":true,"showVisualEffectGraphs":true,"m_FxEnabled":true},"in2DMode":false,"pivot":{"x":-3.3712639808654787,"y":3.4613356590270998,"z":-0.48720836639404299},"rotation":{"x":-0.035072486847639087,"y":-0.03596920147538185,"z":-0.0012617931934073568,"w":0.9987357258796692},"size":6.307395935058594,"orthographic":false}